timestamp,open,high,low,close,volume
2025-04-07 10:00:00,31.295,31.465,31.235,31.33,41309
2025-04-07 10:15:00,31.335,31.765,31.315,31.64,86291
2025-04-07 10:30:00,31.64,31.995,31.575,31.94,118724
2025-04-07 10:45:00,31.94,32.065,31.84,32.055,58029
2025-04-07 11:00:00,32.03,32.135,31.89,31.935,42105
2025-04-07 11:15:00,31.935,32.195,31.85,32.19,71356
2025-04-07 11:30:00,32.195,32.265,32.055,32.15,47728
2025-04-07 11:45:00,32.145,32.165,32.015,32.16,22286
2025-04-07 12:00:00,32.16,32.17,31.9,31.94,52749
2025-04-07 12:15:00,31.955,31.97,31.71,31.915,58485
2025-04-07 12:30:00,31.915,31.975,31.785,31.835,50508
2025-04-07 12:45:00,31.84,32.155,31.835,32.105,35668
2025-04-07 13:00:00,32.11,32.31,32.045,32.265,65252
2025-04-07 13:15:00,32.23,32.27,32.075,32.16,34422
2025-04-07 13:30:00,32.155,32.165,31.895,31.95,50766
2025-04-07 13:45:00,31.955,32.525,31.92,32.445,91543
2025-04-07 14:00:00,32.465,33.125,32.43,33.035,165174
2025-04-07 14:15:00,33.04,33.465,32.425,32.45,211531
2025-04-07 14:30:00,32.45,32.72,32.3,32.525,94484
2025-04-07 14:45:00,32.54,32.765,32.34,32.675,78851
2025-04-07 15:00:00,32.675,33.085,32.675,32.705,93728
2025-04-07 15:15:00,32.7,32.725,32.095,32.1,139461
2025-04-07 15:30:00,32.1,32.105,31.95,32.06,80976
2025-04-07 15:45:00,32.09,32.09,32.09,32.09,7236
2025-04-07 16:00:00,32.095,32.26,32.085,32.085,55156
2025-04-07 16:15:00,32.09,32.095,31.99,32.09,16687
2025-04-07 16:30:00,32.085,32.29,32.055,32.19,14970
2025-04-07 16:45:00,32.2,32.25,32.165,32.19,3252
2025-04-07 17:00:00,32.185,32.27,32.15,32.195,18156
2025-04-07 17:15:00,32.2,32.405,32.2,32.355,15556
2025-04-07 17:30:00,32.375,32.425,32.33,32.415,10014
2025-04-07 17:45:00,32.425,32.48,32.335,32.41,6337
2025-04-07 18:00:00,32.415,32.45,32.325,32.33,5649
2025-04-07 18:15:00,32.325,32.405,32.32,32.325,5554
2025-04-07 18:30:00,32.32,32.4,32.315,32.36,6894
2025-04-07 18:45:00,32.385,32.4,32.31,32.31,6921
2025-04-07 19:00:00,32.32,32.32,32.1,32.115,22888
2025-04-07 19:15:00,32.1,32.14,32.025,32.025,9732
2025-04-07 19:30:00,32.035,32.15,32.02,32.08,5235
2025-04-07 19:45:00,32.085,32.21,32.045,32.2,11977
2025-04-07 20:00:00,32.2,32.215,32.075,32.11,11877
2025-04-07 20:15:00,32.115,32.16,32.09,32.16,3488
2025-04-07 20:30:00,32.165,32.215,32.16,32.2,6300
2025-04-07 20:45:00,32.2,32.21,32.16,32.21,3001
2025-04-08 03:45:00,32.2,32.2,32.2,32.2,3140
2025-04-08 04:00:00,32.2,32.6,32.2,32.6,43769
2025-04-08 04:15:00,32.58,32.68,32.52,32.535,16968
2025-04-08 04:30:00,32.535,32.885,32.535,32.865,22376
2025-04-08 04:45:00,32.83,32.875,32.67,32.875,12998
2025-04-08 05:00:00,32.875,32.99,32.72,32.83,45362
2025-04-08 05:15:00,32.825,32.88,32.74,32.765,12187
2025-04-08 05:30:00,32.775,32.78,32.605,32.605,24795
2025-04-08 05:45:00,32.61,32.73,32.56,32.715,15204
2025-04-08 06:00:00,32.69,32.695,32.475,32.555,32576
2025-04-08 06:15:00,32.555,32.7,32.525,32.69,22312
2025-04-08 06:30:00,32.67,32.85,32.605,32.845,15808
2025-04-08 06:45:00,32.845,32.865,32.74,32.765,13708
2025-04-08 07:00:00,32.765,32.79,32.57,32.61,80121
2025-04-08 07:15:00,32.595,32.6,32.285,32.325,95974
2025-04-08 07:30:00,32.325,32.33,32.015,32.11,102256
2025-04-08 07:45:00,32.105,32.25,32.075,32.185,45059
2025-04-08 08:00:00,32.175,32.255,32.115,32.15,35251
2025-04-08 08:15:00,32.14,32.235,32.11,32.23,29453
2025-04-08 08:30:00,32.225,32.24,32.15,32.17,46999
2025-04-08 08:45:00,32.19,32.19,32.03,32.045,82852
2025-04-08 09:00:00,32.045,32.095,31.95,31.97,122259
2025-04-08 09:15:00,31.965,32.0,31.92,31.965,61096
2025-04-08 09:30:00,31.97,31.97,31.81,31.865,79517
2025-04-08 09:45:00,31.865,31.92,31.7,31.74,142923
2025-04-08 10:00:00,31.735,31.885,31.725,31.755,76899
2025-04-08 10:15:00,31.755,31.9,31.75,31.855,56038
2025-04-08 10:30:00,31.855,31.995,31.735,31.875,215162
2025-04-08 10:45:00,31.89,32.035,31.805,31.93,84043
2025-04-08 11:00:00,31.93,32.0,31.905,31.94,43090
2025-04-08 11:15:00,31.935,32.145,31.925,32.095,47032
2025-04-08 11:30:00,32.085,32.19,32.0,32.16,52022
2025-04-08 11:45:00,32.155,32.22,31.98,32.215,65031
2025-04-08 12:00:00,32.22,32.25,32.09,32.195,34765
2025-04-08 12:15:00,32.21,32.21,32.02,32.095,38426
2025-04-08 12:30:00,32.09,32.195,32.07,32.16,16231
2025-04-08 12:45:00,32.16,32.24,32.125,32.235,34137
2025-04-08 13:00:00,32.22,32.315,32.185,32.195,51659
2025-04-08 13:15:00,32.2,32.26,32.185,32.21,57360
2025-04-08 13:30:00,32.215,32.425,32.215,32.425,53658
2025-04-08 13:45:00,32.425,32.425,32.29,32.34,43290
2025-04-08 14:00:00,32.34,32.35,32.25,32.27,53525
2025-04-08 14:15:00,32.275,32.305,32.02,32.02,63855
2025-04-08 14:30:00,32.03,32.05,31.845,31.865,107066
2025-04-08 14:45:00,31.865,32.035,31.775,31.79,85433
2025-04-08 15:00:00,31.795,31.85,31.75,31.75,56903
2025-04-08 15:15:00,31.75,31.82,31.745,31.78,72974
2025-04-08 15:30:00,31.78,31.785,31.605,31.66,41922
2025-04-08 15:45:00,31.72,31.72,31.72,31.72,5669
2025-04-08 16:00:00,31.785,31.835,31.705,31.75,16722
2025-04-08 16:15:00,31.75,31.75,31.505,31.65,59450
2025-04-08 16:30:00,31.645,31.645,31.325,31.42,129855
2025-04-08 16:45:00,31.405,31.5,31.12,31.155,143783
2025-04-08 17:00:00,31.155,31.36,31.125,31.33,45105
2025-04-08 17:15:00,31.325,31.4,31.165,31.27,55123
2025-04-08 17:30:00,31.27,31.5,31.16,31.45,39750
2025-04-08 17:45:00,31.445,31.445,31.325,31.405,33774
2025-04-08 18:00:00,31.415,31.46,31.3,31.32,27712
2025-04-08 18:15:00,31.325,31.39,31.245,31.245,14167
2025-04-08 18:30:00,31.24,31.36,31.24,31.32,11001
2025-04-08 18:45:00,31.32,31.35,31.28,31.335,18037
2025-04-08 19:00:00,31.335,31.36,31.11,31.12,51050
2025-04-08 19:15:00,31.12,31.15,31.035,31.1,58556
2025-04-08 19:30:00,31.1,31.105,30.905,30.955,84009
2025-04-08 19:45:00,30.97,31.1,30.95,31.08,30673
2025-04-08 20:00:00,31.085,31.175,31.0,31.065,49176
2025-04-08 20:15:00,31.065,31.065,30.9,30.9,22503
2025-04-08 20:30:00,30.905,30.94,30.85,30.87,31861
2025-04-08 20:45:00,30.87,30.87,30.85,30.87,10686
2025-04-09 03:45:00,30.915,30.915,30.915,30.915,3450
2025-04-09 04:00:00,30.915,30.915,30.375,30.895,161110
2025-04-09 04:15:00,30.9,31.06,30.72,30.84,74618
2025-04-09 04:30:00,30.85,31.0,30.815,30.985,20880
2025-04-09 04:45:00,30.985,31.12,30.885,30.955,30267
2025-04-09 05:00:00,30.955,31.04,30.73,30.86,28899
2025-04-09 05:15:00,30.86,30.92,30.775,30.775,9090
2025-04-09 05:30:00,30.795,30.855,30.625,30.73,27497
2025-04-09 05:45:00,30.725,30.88,30.715,30.785,10578
2025-04-09 06:00:00,30.765,31.0,30.755,30.95,18178
2025-04-09 06:15:00,30.955,31.0,30.91,30.975,9061
2025-04-09 06:30:00,30.975,30.985,30.935,30.95,11706
2025-04-09 06:45:00,30.97,31.095,30.94,31.05,28817
2025-04-09 07:00:00,31.045,31.19,30.835,30.835,133345
2025-04-09 07:15:00,30.83,30.93,30.7,30.8,133915
2025-04-09 07:30:00,30.8,31.045,30.785,31.04,50139
2025-04-09 07:45:00,31.03,31.035,30.86,30.91,34926
2025-04-09 08:00:00,30.905,31.07,30.885,30.995,27292
2025-04-09 08:15:00,30.99,31.19,30.975,31.01,147809
2025-04-09 08:30:00,31.015,31.29,30.965,31.055,118799
2025-04-09 08:45:00,31.055,31.11,30.98,31.07,31873
2025-04-09 09:00:00,31.075,31.145,31.025,31.08,25330
2025-04-09 09:15:00,31.09,31.1,30.965,30.97,25476
2025-04-09 09:30:00,30.975,31.02,30.835,30.88,44602
2025-04-09 09:45:00,30.88,30.975,30.745,30.75,55371
2025-04-09 10:00:00,30.77,30.805,30.56,30.655,131809
2025-04-09 10:15:00,30.625,30.79,30.57,30.675,72687
2025-04-09 10:30:00,30.69,31.095,30.625,30.91,92818
2025-04-09 10:45:00,30.9,30.975,30.82,30.83,40585
2025-04-09 11:00:00,30.81,30.81,30.325,30.38,200536
2025-04-09 11:15:00,30.37,30.545,30.21,30.29,159906
2025-04-09 11:30:00,30.295,30.295,30.085,30.11,80587
2025-04-09 11:45:00,30.115,30.29,30.105,30.26,75317
2025-04-09 12:00:00,30.26,30.35,30.175,30.35,55413
2025-04-09 12:15:00,30.35,30.395,30.245,30.34,77809
2025-04-09 12:30:00,30.35,30.4,30.26,30.315,73054
2025-04-09 12:45:00,30.315,30.4,30.295,30.39,131356
2025-04-09 13:00:00,30.395,30.4,30.31,30.35,199715
2025-04-09 13:15:00,30.365,30.4,30.335,30.35,53017
2025-04-09 13:30:00,30.35,30.62,30.33,30.38,425658
2025-04-09 13:45:00,30.375,30.52,30.235,30.48,91671
2025-04-09 14:00:00,30.485,30.635,30.4,30.49,97351
2025-04-09 14:15:00,30.48,30.54,30.325,30.365,46830
2025-04-09 14:30:00,30.365,30.455,30.21,30.23,50415
2025-04-09 14:45:00,30.21,30.32,30.2,30.245,47419
2025-04-09 15:00:00,30.25,30.4,30.22,30.335,55964
2025-04-09 15:15:00,30.35,30.4,30.24,30.335,53129
2025-04-09 15:30:00,30.335,30.38,30.28,30.3,33038
2025-04-09 15:45:00,30.355,30.355,30.355,30.355,4806
2025-04-09 16:00:00,30.39,30.51,30.275,30.49,47652
2025-04-09 16:15:00,30.485,30.54,30.425,30.54,15682
2025-04-09 16:30:00,30.54,30.735,30.51,30.655,75619
2025-04-09 16:45:00,30.66,30.9,30.585,30.875,43608
2025-04-09 17:00:00,30.875,31.09,30.78,30.87,104937
2025-04-09 17:15:00,30.875,31.595,30.715,31.405,197273
2025-04-09 17:30:00,31.38,31.975,31.38,31.7,161520
2025-04-09 17:45:00,31.69,32.355,31.69,32.315,187237
2025-04-09 18:00:00,32.335,32.68,31.98,32.14,211915
2025-04-09 18:15:00,32.115,32.2,32.0,32.045,52872
2025-04-09 18:30:00,32.045,32.065,31.855,31.925,76491
2025-04-09 18:45:00,31.925,32.11,31.8,31.81,69570
2025-04-09 19:00:00,31.82,32.055,31.82,32.015,43304
2025-04-09 19:15:00,32.02,32.135,31.925,32.125,25756
2025-04-09 19:30:00,32.14,32.22,31.945,32.035,36605
2025-04-09 19:45:00,32.03,32.245,32.03,32.235,24553
2025-04-09 20:00:00,32.235,32.4,32.175,32.385,32963
2025-04-09 20:15:00,32.385,32.68,32.35,32.66,114739
2025-04-09 20:30:00,32.66,32.885,32.545,32.825,72040
2025-04-09 20:45:00,32.825,32.875,32.825,32.85,13271
2025-04-10 03:45:00,32.865,32.865,32.865,32.865,2771
2025-04-10 04:00:00,32.865,32.865,32.39,32.63,123331
2025-04-10 04:15:00,32.62,32.7,32.43,32.57,30948
2025-04-10 04:30:00,32.535,32.775,32.525,32.76,18172
2025-04-10 04:45:00,32.765,32.86,32.605,32.755,30782
2025-04-10 05:00:00,32.755,32.825,32.6,32.72,30329
2025-04-10 05:15:00,32.72,32.795,32.635,32.675,17617
2025-04-10 05:30:00,32.67,32.72,32.53,32.56,15634
2025-04-10 05:45:00,32.58,32.7,32.58,32.68,2379
2025-04-10 06:00:00,32.675,32.685,32.545,32.65,14712
2025-04-10 06:15:00,32.65,32.68,32.605,32.635,5833
2025-04-10 06:30:00,32.66,32.79,32.64,32.695,19294
2025-04-10 06:45:00,32.725,32.865,32.695,32.865,30536
2025-04-10 07:00:00,32.865,32.865,32.445,32.56,81662
2025-04-10 07:15:00,32.565,32.62,32.33,32.405,96541
2025-04-10 07:30:00,32.41,32.41,31.9,32.09,158475
2025-04-10 07:45:00,32.08,32.23,32.04,32.13,50414
2025-04-10 08:00:00,32.13,32.25,32.12,32.155,42829
2025-04-10 08:15:00,32.155,32.155,32.02,32.135,31530
2025-04-10 08:30:00,32.115,32.12,31.94,32.075,38195
2025-04-10 08:45:00,32.08,32.165,31.915,31.925,35176
2025-04-10 09:00:00,31.91,31.99,31.83,31.99,45696
2025-04-10 09:15:00,31.99,32.07,31.835,31.985,70655
2025-04-10 09:30:00,31.98,32.2,31.97,32.07,55808
2025-04-10 09:45:00,32.08,32.225,32.08,32.16,24027
2025-04-10 10:00:00,32.16,32.325,32.11,32.325,17795
2025-04-10 10:15:00,32.325,32.465,32.27,32.38,67211
2025-04-10 10:30:00,32.38,32.48,32.35,32.355,45031
2025-04-10 10:45:00,32.355,32.4,32.155,32.235,52944
2025-04-10 11:00:00,32.235,32.31,32.0,32.07,26251
2025-04-10 11:15:00,32.09,32.225,32.05,32.15,20466
2025-04-10 11:30:00,32.15,32.235,32.045,32.125,32291
2025-04-10 11:45:00,32.125,32.155,31.915,32.085,59337
2025-04-10 12:00:00,32.095,32.34,32.06,32.285,37541
2025-04-10 12:15:00,32.285,32.495,32.26,32.485,50538
2025-04-10 12:30:00,32.485,32.5,32.22,32.26,67602
2025-04-10 12:45:00,32.255,32.485,32.165,32.24,65983
2025-04-10 13:00:00,32.24,32.395,32.11,32.325,98068
2025-04-10 13:15:00,32.325,32.41,32.265,32.31,38160
2025-04-10 13:30:00,32.31,32.33,31.93,31.955,86321
2025-04-10 13:45:00,31.955,32.11,31.93,31.975,53968
2025-04-10 14:00:00,31.97,32.01,31.84,31.9,36945
2025-04-10 14:15:00,31.895,32.08,31.875,32.06,13460
2025-04-10 14:30:00,32.05,32.3,31.985,32.165,57427
2025-04-10 14:45:00,32.155,32.26,32.125,32.125,34617
2025-04-10 15:00:00,32.125,32.37,32.1,32.22,33589
2025-04-10 15:15:00,32.215,32.215,32.095,32.16,23039
2025-04-10 15:30:00,32.155,32.245,31.845,32.04,130077
2025-04-10 15:45:00,32.09,32.09,32.09,32.09,11577
2025-04-10 16:00:00,31.95,32.0,31.615,31.615,164456
2025-04-10 16:15:00,31.625,31.625,31.1,31.395,193245
2025-04-10 16:30:00,31.385,31.74,31.38,31.61,113840
2025-04-10 16:45:00,31.6,31.815,31.525,31.615,52785
2025-04-10 17:00:00,31.62,31.78,31.53,31.615,95819
2025-04-10 17:15:00,31.6,31.73,31.52,31.725,22181
2025-04-10 17:30:00,31.725,32.07,31.715,32.035,81659
2025-04-10 17:45:00,32.04,32.15,31.975,32.14,56338
2025-04-10 18:00:00,32.15,32.155,31.925,31.97,27291
2025-04-10 18:15:00,31.97,32.155,31.955,32.155,10288
2025-04-10 18:30:00,32.155,32.155,32.0,32.135,22920
2025-04-10 18:45:00,32.13,32.13,31.935,32.045,33513
2025-04-10 19:00:00,32.02,32.11,31.95,32.015,22597
2025-04-10 19:15:00,32.025,32.1,31.98,31.98,11334
2025-04-10 19:30:00,31.99,32.005,31.8,31.82,30116
2025-04-10 19:45:00,31.82,31.9,31.8,31.86,15735
2025-04-10 20:00:00,31.86,31.895,31.845,31.88,2513
2025-04-10 20:15:00,31.88,31.89,31.845,31.85,5165
2025-04-10 20:30:00,31.85,32.065,31.85,31.975,17442
2025-04-10 20:45:00,31.96,32.055,31.915,32.045,13286
2025-04-11 03:45:00,32.0,32.0,32.0,32.0,62
2025-04-11 04:00:00,32.0,32.09,31.97,32.025,19161
2025-04-11 04:15:00,32.025,32.11,32.025,32.105,7959
2025-04-11 04:30:00,32.08,32.15,32.08,32.14,9877
2025-04-11 04:45:00,32.14,32.15,32.11,32.125,4488
2025-04-11 05:00:00,32.125,32.19,32.125,32.175,4689
2025-04-11 05:15:00,32.175,32.175,32.14,32.17,7725
2025-04-11 05:30:00,32.16,32.29,32.15,32.29,10277
2025-04-11 05:45:00,32.285,32.37,32.265,32.275,21268
2025-04-11 06:00:00,32.265,32.535,32.265,32.495,68660
2025-04-11 06:15:00,32.51,32.655,32.5,32.58,58341
2025-04-11 06:30:00,32.585,32.725,32.555,32.66,44902
2025-04-11 06:45:00,32.645,32.68,32.495,32.605,50042
2025-04-11 07:00:00,32.59,32.68,32.465,32.68,78069
2025-04-11 07:15:00,32.68,32.84,32.665,32.74,99644
2025-04-11 07:30:00,32.74,32.8,32.705,32.78,57208
2025-04-11 07:45:00,32.77,32.82,32.73,32.815,37428
2025-04-11 08:00:00,32.815,32.85,32.665,32.845,138298
2025-04-11 08:15:00,32.845,32.99,32.81,32.885,115456
2025-04-11 08:30:00,32.885,32.925,32.725,32.765,44252
2025-04-11 08:45:00,32.78,32.795,32.69,32.69,25147
2025-04-11 09:00:00,32.69,32.745,32.62,32.665,38960
2025-04-11 09:15:00,32.67,32.815,32.655,32.71,23801
2025-04-11 09:30:00,32.7,32.835,32.67,32.69,21154
2025-04-11 09:45:00,32.69,32.85,32.69,32.81,16408
2025-04-11 10:00:00,32.81,32.89,32.775,32.885,44960
2025-04-11 10:15:00,32.89,33.18,32.885,33.09,172553
2025-04-11 10:30:00,33.09,33.115,33.055,33.07,37416
2025-04-11 10:45:00,33.075,33.1,32.95,33.025,47623
2025-04-11 11:00:00,33.02,33.1,32.96,33.04,33429
2025-04-11 11:15:00,33.04,33.055,32.75,32.77,80597
2025-04-11 11:30:00,32.785,32.89,32.71,32.75,45576
2025-04-11 11:45:00,32.745,32.785,32.64,32.755,31483
2025-04-11 12:00:00,32.76,32.785,32.64,32.685,46395
2025-04-11 12:15:00,32.675,32.72,32.6,32.71,28282
2025-04-11 12:30:00,32.715,32.885,32.7,32.775,44166
2025-04-11 12:45:00,32.775,32.855,32.715,32.83,23768
2025-04-11 13:00:00,32.815,32.85,32.7,32.715,12618
2025-04-11 13:15:00,32.705,32.765,32.63,32.66,17141
2025-04-11 13:30:00,32.66,32.735,32.6,32.685,65132
2025-04-11 13:45:00,32.675,32.68,32.6,32.65,19775
2025-04-11 14:00:00,32.625,32.7,32.6,32.67,23506
2025-04-11 14:15:00,32.67,32.7,32.6,32.6,46978
2025-04-11 14:30:00,32.6,32.7,32.56,32.695,25482
2025-04-11 14:45:00,32.685,32.795,32.685,32.75,18372
2025-04-11 15:00:00,32.76,32.825,32.62,32.69,81284
2025-04-11 15:15:00,32.675,32.72,32.51,32.71,100526
2025-04-11 15:30:00,32.715,32.76,32.665,32.705,23804
2025-04-11 15:45:00,32.76,32.76,32.76,32.76,8003
2025-04-11 16:00:00,32.755,32.755,32.55,32.675,35614
2025-04-11 16:15:00,32.66,32.845,32.625,32.82,52786
2025-04-11 16:30:00,32.81,32.845,32.695,32.715,27454
2025-04-11 16:45:00,32.715,32.8,32.7,32.79,13392
2025-04-11 17:00:00,32.785,32.8,32.715,32.735,16255
2025-04-11 17:15:00,32.745,32.785,32.71,32.775,4898
2025-04-11 17:30:00,32.775,32.87,32.755,32.87,22422
2025-04-11 17:45:00,32.87,32.92,32.81,32.82,14818
2025-04-11 18:00:00,32.82,32.865,32.78,32.815,14593
2025-04-11 18:15:00,32.815,32.845,32.75,32.8,13552
2025-04-11 18:30:00,32.795,32.89,32.67,32.7,51046
2025-04-11 18:45:00,32.7,32.7,32.61,32.695,51784
2025-04-11 19:00:00,32.695,32.74,32.625,32.705,19380
2025-04-11 19:15:00,32.725,32.735,32.7,32.73,2189
2025-04-11 19:30:00,32.735,32.735,32.695,32.7,3241
2025-04-11 19:45:00,32.715,32.735,32.64,32.73,13366
2025-04-11 20:00:00,32.725,32.73,32.72,32.725,4068
2025-04-11 20:15:00,32.725,32.8,32.71,32.8,12848
2025-04-11 20:30:00,32.795,32.865,32.775,32.865,16471
2025-04-11 20:45:00,32.85,32.865,32.8,32.8,3912
2025-04-11 23:00:00,32.81,33.03,32.81,33.02,159
2025-04-11 23:15:00,32.845,33.035,32.845,32.98,46
2025-04-11 23:30:00,33.02,33.12,32.95,33.115,116
2025-04-11 23:45:00,33.115,33.125,33.11,33.125,70
2025-04-12 00:00:00,33.12,33.12,33.0,33.0,29
2025-04-12 00:15:00,33.035,33.095,32.995,33.095,53
2025-04-12 00:30:00,33.05,33.095,33.04,33.095,985
2025-04-12 01:00:00,33.09,33.095,33.09,33.095,3
2025-04-12 01:15:00,33.095,33.095,33.025,33.095,38
2025-04-12 01:30:00,33.095,33.095,33.095,33.095,3
2025-04-12 01:45:00,33.095,33.1,33.095,33.1,132
2025-04-12 02:00:00,33.095,33.105,33.04,33.105,412
2025-04-12 02:15:00,33.105,33.105,33.04,33.045,106
2025-04-12 02:30:00,33.04,33.045,33.04,33.045,11
2025-04-12 02:45:00,33.045,33.045,33.04,33.045,123
2025-04-12 03:00:00,33.045,33.045,33.04,33.04,119
2025-04-12 03:15:00,33.045,33.045,33.04,33.045,18
2025-04-12 03:30:00,33.045,33.045,33.0,33.005,867
2025-04-12 03:45:00,33.005,33.035,33.005,33.035,42
2025-04-12 04:00:00,33.035,33.035,32.93,32.97,711
2025-04-12 04:15:00,32.98,33.025,32.95,33.02,48
2025-04-12 04:30:00,33.025,33.025,32.955,33.005,154
2025-04-12 04:45:00,33.005,33.02,32.9,32.925,169
2025-04-12 05:00:00,32.89,32.925,32.87,32.875,229
2025-04-12 05:15:00,32.875,32.93,32.87,32.87,1618
2025-04-12 05:30:00,32.92,33.0,32.865,33.0,1831
2025-04-12 05:45:00,32.93,33.0,32.88,32.99,201
2025-04-12 06:00:00,32.905,33.0,32.905,32.98,320
2025-04-12 06:15:00,32.98,33.0,32.87,32.885,824
2025-04-12 06:30:00,32.895,32.945,32.86,32.87,247
2025-04-12 06:45:00,33.01,33.01,33.01,33.01,1090
2025-04-12 07:00:00,33.01,33.12,33.01,33.095,19520
2025-04-12 07:15:00,33.085,33.265,33.08,33.17,28062
2025-04-12 07:30:00,33.16,33.19,33.14,33.145,4006
2025-04-12 07:45:00,33.15,33.15,33.125,33.15,4779
2025-04-12 08:00:00,33.135,33.155,33.135,33.155,5089
2025-04-12 08:15:00,33.15,33.195,33.105,33.12,9231
2025-04-12 08:30:00,33.12,33.18,33.105,33.14,3824
2025-04-12 08:45:00,33.165,33.17,33.135,33.14,1253
2025-04-12 09:00:00,33.14,33.23,33.14,33.215,6267
2025-04-12 09:15:00,33.215,33.355,33.21,33.355,10726
2025-04-12 09:30:00,33.355,33.44,33.33,33.44,13369
2025-04-12 09:45:00,33.44,33.475,33.325,33.395,22923
2025-04-12 10:00:00,33.38,33.39,33.285,33.37,42477
2025-04-12 10:15:00,33.37,33.39,33.33,33.34,4327
2025-04-12 10:30:00,33.34,33.35,33.295,33.33,8280
2025-04-12 10:45:00,33.32,33.36,33.295,33.345,3396
2025-04-12 11:00:00,33.345,33.36,33.295,33.35,3832
2025-04-12 11:15:00,33.35,33.35,33.3,33.33,2214
2025-04-12 11:30:00,33.325,33.36,33.285,33.325,5307
2025-04-12 11:45:00,33.325,33.33,33.23,33.275,10357
2025-04-12 12:00:00,33.275,33.315,33.225,33.26,4597
2025-04-12 12:15:00,33.245,33.32,33.22,33.27,4736
2025-04-12 12:30:00,33.3,33.3,33.205,33.25,8879
2025-04-12 12:45:00,33.25,33.27,33.23,33.27,4228
2025-04-12 13:00:00,33.275,33.32,33.245,33.26,3778
2025-04-12 13:15:00,33.26,33.32,33.25,33.29,2158
2025-04-12 13:30:00,33.285,33.4,33.26,33.315,20616
2025-04-12 13:45:00,33.285,33.335,33.255,33.335,1772
2025-04-12 14:00:00,33.34,33.345,33.275,33.32,1040
2025-04-12 14:15:00,33.32,33.345,33.265,33.29,2138
2025-04-12 14:30:00,33.29,33.38,33.275,33.31,4012
2025-04-12 14:45:00,33.31,33.35,33.28,33.335,1785
2025-04-12 15:00:00,33.33,33.35,33.315,33.35,821
2025-04-12 15:15:00,33.35,33.39,33.33,33.375,7098
2025-04-12 15:30:00,33.37,33.385,33.345,33.37,1579
2025-04-12 15:45:00,33.345,33.375,33.33,33.365,2529
2025-04-12 16:00:00,33.235,33.545,33.01,33.065,1862
2025-04-12 16:15:00,33.15,33.205,32.85,32.95,4406
2025-04-12 16:30:00,32.95,32.955,32.595,32.9,5828
2025-04-12 16:45:00,32.77,33.135,32.71,33.005,8149
2025-04-12 17:00:00,33.005,33.39,33.005,33.3,5321
2025-04-12 17:15:00,33.23,33.275,33.09,33.265,806
2025-04-12 17:30:00,33.21,33.25,33.02,33.07,730
2025-04-12 17:45:00,33.13,33.3,33.07,33.3,1175
2025-04-12 18:00:00,33.295,33.36,33.17,33.26,2298
2025-04-12 18:15:00,33.295,33.335,33.15,33.175,1076
2025-04-12 18:30:00,33.22,33.4,33.18,33.4,1972
2025-04-12 18:45:00,33.325,33.4,33.19,33.3,294
2025-04-12 19:00:00,33.395,33.395,33.325,33.375,525
2025-04-12 19:15:00,33.375,33.375,33.165,33.19,1289
2025-04-12 19:30:00,33.19,33.32,33.19,33.2,238
2025-04-12 19:45:00,33.22,33.32,33.13,33.29,463
2025-04-12 20:00:00,33.29,33.3,33.185,33.27,189
2025-04-12 20:15:00,33.27,33.27,33.13,33.25,121
2025-04-12 20:30:00,33.175,33.235,33.13,33.14,148
2025-04-12 20:45:00,33.235,33.28,33.13,33.275,165
2025-04-12 23:00:00,33.275,33.395,33.105,33.105,100
2025-04-12 23:15:00,33.105,33.34,32.93,33.115,133
2025-04-12 23:30:00,33.095,33.19,33.04,33.13,92
2025-04-12 23:45:00,33.12,33.19,33.12,33.185,32
2025-04-13 00:00:00,33.22,33.235,33.19,33.19,18
2025-04-13 00:15:00,33.23,33.245,33.185,33.245,36
2025-04-13 00:30:00,33.195,33.25,33.195,33.25,7
2025-04-13 00:45:00,33.245,33.265,33.195,33.195,27
2025-04-13 01:00:00,33.265,33.35,33.23,33.285,112
2025-04-13 01:15:00,33.25,33.345,33.24,33.32,29
2025-04-13 01:30:00,33.33,33.34,33.32,33.32,4
2025-04-13 01:45:00,33.3,33.335,33.27,33.27,9
2025-04-13 02:00:00,33.33,33.335,33.33,33.335,6
2025-04-13 02:15:00,33.34,33.36,33.34,33.36,27
2025-04-13 02:45:00,33.355,33.36,33.355,33.36,8
2025-04-13 03:00:00,33.36,33.36,33.35,33.35,61
2025-04-13 03:15:00,33.35,33.35,33.22,33.22,42
2025-04-13 03:30:00,33.3,33.385,33.3,33.385,1216
2025-04-13 03:45:00,33.38,33.38,33.295,33.295,22
2025-04-13 04:00:00,33.345,33.35,33.34,33.34,51
2025-04-13 04:15:00,33.34,33.35,33.295,33.35,200
2025-04-13 04:30:00,33.3,33.45,33.27,33.38,971
2025-04-13 04:45:00,33.355,33.39,33.22,33.22,276
2025-04-13 05:00:00,33.23,33.38,33.23,33.245,204
2025-04-13 05:15:00,33.355,33.365,33.225,33.265,520
2025-04-13 05:30:00,33.285,33.385,33.225,33.29,319
2025-04-13 05:45:00,33.345,33.38,33.27,33.335,132
2025-04-13 06:00:00,33.335,33.365,33.305,33.36,158
2025-04-13 06:15:00,33.365,33.365,33.265,33.265,2617
2025-04-13 06:30:00,33.36,33.36,33.23,33.23,91
2025-04-13 06:45:00,33.365,33.365,33.365,33.365,633
2025-04-13 07:00:00,33.36,33.415,33.29,33.35,21966
2025-04-13 07:15:00,33.35,33.43,33.29,33.335,9403
2025-04-13 07:30:00,33.335,33.35,33.31,33.35,1416
2025-04-13 07:45:00,33.35,33.4,33.285,33.3,8804
2025-04-13 08:00:00,33.315,33.33,33.27,33.315,4718
2025-04-13 08:15:00,33.295,33.375,33.29,33.37,2355
2025-04-13 08:30:00,33.37,33.37,33.33,33.37,2747
2025-04-13 08:45:00,33.37,33.425,33.34,33.375,7557
2025-04-13 09:00:00,33.37,33.385,33.345,33.385,3779
2025-04-13 09:15:00,33.37,33.39,33.355,33.38,2615
2025-04-13 09:30:00,33.38,33.395,33.36,33.385,2665
2025-04-13 09:45:00,33.375,33.395,33.355,33.385,3141
2025-04-13 10:00:00,33.385,33.395,33.355,33.365,2974
2025-04-13 10:15:00,33.365,33.39,33.355,33.355,1454
2025-04-13 10:30:00,33.355,33.375,33.355,33.37,977
2025-04-13 10:45:00,33.37,33.375,33.33,33.36,3306
2025-04-13 11:00:00,33.36,33.37,33.33,33.37,4396
2025-04-13 11:15:00,33.37,33.38,33.365,33.38,3357
2025-04-13 11:30:00,33.38,33.455,33.38,33.44,6835
2025-04-13 11:45:00,33.44,33.465,33.405,33.445,6665
2025-04-13 12:00:00,33.425,33.475,33.42,33.435,5264
2025-04-13 12:15:00,33.435,33.475,33.41,33.45,3006
2025-04-13 12:30:00,33.42,33.465,33.38,33.43,5076
2025-04-13 12:45:00,33.45,33.49,33.405,33.475,4946
2025-04-13 13:00:00,33.47,33.5,33.41,33.49,8145
2025-04-13 13:15:00,33.5,33.55,33.485,33.51,21141
2025-04-13 13:30:00,33.525,33.525,33.49,33.51,4522
2025-04-13 13:45:00,33.51,33.55,33.51,33.55,6180
2025-04-13 14:00:00,33.55,33.555,33.515,33.545,10040
2025-04-13 14:15:00,33.545,33.55,33.5,33.53,4098
2025-04-13 14:30:00,33.54,33.555,33.5,33.535,3153
2025-04-13 14:45:00,33.54,33.54,33.49,33.53,2133
2025-04-13 15:00:00,33.53,33.53,33.48,33.51,1651
2025-04-13 15:15:00,33.51,33.55,33.485,33.53,5060
2025-04-13 15:30:00,33.535,33.56,33.475,33.55,1822
2025-04-13 15:45:00,33.55,33.55,33.49,33.495,4797
2025-04-13 16:00:00,32.995,34.3,32.99,33.625,2012
2025-04-13 16:15:00,33.62,33.8,33.62,33.71,2516
2025-04-13 16:30:00,33.77,33.8,33.59,33.685,2011
2025-04-13 16:45:00,33.685,33.8,33.645,33.79,1661
2025-04-13 17:00:00,33.735,33.79,33.49,33.495,3041
2025-04-13 17:15:00,33.495,33.575,33.45,33.5,1312
2025-04-13 17:30:00,33.575,33.605,33.565,33.565,297
2025-04-13 17:45:00,33.565,33.59,33.49,33.57,309
2025-04-13 18:00:00,33.5,33.56,33.49,33.56,149
2025-04-13 18:15:00,33.56,33.575,33.44,33.445,661
2025-04-13 18:30:00,33.49,33.56,33.43,33.495,611
2025-04-13 18:45:00,33.495,33.545,33.41,33.495,964
2025-04-13 19:00:00,33.495,33.5,33.43,33.485,145
2025-04-13 19:15:00,33.485,33.485,33.45,33.485,101
2025-04-13 19:30:00,33.485,33.485,33.35,33.35,5761
2025-04-13 19:45:00,33.35,33.35,33.2,33.345,734
2025-04-13 20:00:00,33.345,33.365,33.25,33.365,589
2025-04-13 20:15:00,33.365,33.365,33.295,33.295,144
2025-04-13 20:30:00,33.29,33.4,33.27,33.4,1036
2025-04-13 20:45:00,33.4,33.405,33.305,33.405,732
2025-04-14 03:45:00,33.5,33.5,33.5,33.5,212
2025-04-14 04:00:00,33.505,33.585,33.355,33.39,43480
2025-04-14 04:15:00,33.39,33.415,33.185,33.275,28990
2025-04-14 04:30:00,33.27,33.285,33.135,33.23,11814
2025-04-14 04:45:00,33.26,33.285,33.19,33.28,7357
2025-04-14 05:00:00,33.28,33.28,33.04,33.06,39791
2025-04-14 05:15:00,33.06,33.12,33.05,33.115,16662
2025-04-14 05:30:00,33.115,33.15,33.115,33.135,8364
2025-04-14 05:45:00,33.135,33.195,33.12,33.175,9894
2025-04-14 06:00:00,33.17,33.175,32.835,32.835,54098
2025-04-14 06:15:00,32.865,32.955,32.83,32.845,20466
2025-04-14 06:30:00,32.845,32.925,32.84,32.9,25920
2025-04-14 06:45:00,32.905,33.035,32.895,32.95,21049
2025-04-14 07:00:00,32.96,32.975,32.7,32.7,57607
2025-04-14 07:15:00,32.705,32.805,32.7,32.715,25752
2025-04-14 07:30:00,32.715,32.795,32.585,32.76,59238
2025-04-14 07:45:00,32.75,32.77,32.575,32.59,40722
2025-04-14 08:00:00,32.605,32.665,32.52,32.54,29612
2025-04-14 08:15:00,32.535,32.65,32.5,32.6,45346
2025-04-14 08:30:00,32.58,32.67,32.5,32.615,33297
2025-04-14 08:45:00,32.595,32.81,32.525,32.78,38397
2025-04-14 09:00:00,32.785,32.825,32.63,32.72,46191
2025-04-14 09:15:00,32.735,32.745,32.57,32.58,32444
2025-04-14 09:30:00,32.58,32.675,32.525,32.56,27677
2025-04-14 09:45:00,32.57,32.735,32.57,32.68,21460
2025-04-14 10:00:00,32.67,32.845,32.645,32.735,34442
2025-04-14 10:15:00,32.75,32.765,32.685,32.72,13505
2025-04-14 10:30:00,32.705,32.745,32.635,32.635,12849
2025-04-14 10:45:00,32.645,32.675,32.56,32.565,16386
2025-04-14 11:00:00,32.565,32.605,32.405,32.465,53993
2025-04-14 11:15:00,32.465,32.61,32.445,32.525,50850
2025-04-14 11:30:00,32.525,32.555,32.46,32.54,11361
2025-04-14 11:45:00,32.535,32.555,32.43,32.44,9931
2025-04-14 12:00:00,32.45,32.45,32.3,32.4,58724
2025-04-14 12:15:00,32.4,32.46,32.35,32.375,8574
2025-04-14 12:30:00,32.365,32.435,32.34,32.34,19140
2025-04-14 12:45:00,32.34,32.375,32.06,32.15,78819
2025-04-14 13:00:00,32.135,32.235,32.085,32.15,33049
2025-04-14 13:15:00,32.145,32.18,32.015,32.165,39341
2025-04-14 13:30:00,32.16,32.2,32.085,32.1,25714
2025-04-14 13:45:00,32.105,32.155,32.055,32.08,25408
2025-04-14 14:00:00,32.075,32.27,32.05,32.225,49284
2025-04-14 14:15:00,32.225,32.345,32.175,32.3,28664
2025-04-14 14:30:00,32.3,32.365,32.29,32.31,25208
2025-04-14 14:45:00,32.3,32.46,32.295,32.45,31969
2025-04-14 15:00:00,32.45,32.45,32.355,32.4,21517
2025-04-14 15:15:00,32.385,32.445,32.265,32.29,16073
2025-04-14 15:30:00,32.28,32.29,32.18,32.185,10278
2025-04-14 15:45:00,32.165,32.165,32.165,32.165,1667
2025-04-14 16:00:00,32.18,32.225,32.07,32.105,29776
2025-04-14 16:15:00,32.095,32.195,32.075,32.15,21982
2025-04-14 16:30:00,32.15,32.215,32.125,32.215,12121
2025-04-14 16:45:00,32.215,32.22,32.17,32.195,9035
2025-04-14 17:00:00,32.195,32.22,32.09,32.09,39409
2025-04-14 17:15:00,32.09,32.17,32.05,32.15,16278
2025-04-14 17:30:00,32.14,32.205,32.105,32.15,8348
2025-04-14 17:45:00,32.15,32.185,32.025,32.08,25096
2025-04-14 18:00:00,32.08,32.125,32.0,32.1,17576
2025-04-14 18:15:00,32.1,32.24,32.095,32.24,11268
2025-04-14 18:30:00,32.22,32.25,32.185,32.21,5680
2025-04-14 18:45:00,32.21,32.225,32.2,32.215,2242
2025-04-14 19:00:00,32.215,32.22,32.175,32.22,3391
2025-04-14 19:15:00,32.215,32.22,32.165,32.165,3849
2025-04-14 19:30:00,32.18,32.18,32.125,32.17,1963
2025-04-14 19:45:00,32.17,32.18,32.14,32.17,5474
2025-04-14 20:00:00,32.175,32.185,32.115,32.115,11627
2025-04-14 20:15:00,32.11,32.135,32.08,32.08,2049
2025-04-14 20:30:00,32.08,32.18,32.075,32.18,8318
2025-04-14 20:45:00,32.2,32.26,32.2,32.26,13187
2025-04-15 03:45:00,32.245,32.245,32.245,32.245,143
2025-04-15 04:00:00,32.245,32.25,32.11,32.175,18048
2025-04-15 04:15:00,32.175,32.185,32.045,32.11,20342
2025-04-15 04:30:00,32.11,32.2,32.11,32.16,5147
2025-04-15 04:45:00,32.16,32.175,32.13,32.16,1560
2025-04-15 05:00:00,32.16,32.16,32.1,32.11,5430
2025-04-15 05:15:00,32.12,32.175,32.105,32.165,7161
2025-04-15 05:30:00,32.155,32.16,32.03,32.06,11620
2025-04-15 05:45:00,32.05,32.12,32.05,32.085,5565
2025-04-15 06:00:00,32.08,32.175,32.08,32.15,12824
2025-04-15 06:15:00,32.155,32.41,32.15,32.3,88171
2025-04-15 06:30:00,32.295,32.41,32.25,32.37,19616
2025-04-15 06:45:00,32.385,32.485,32.305,32.31,19049
2025-04-15 07:00:00,32.35,32.53,32.335,32.475,54686
2025-04-15 07:15:00,32.465,32.485,32.4,32.445,32715
2025-04-15 07:30:00,32.445,32.505,32.425,32.45,11871
2025-04-15 07:45:00,32.45,32.45,32.3,32.33,38250
2025-04-15 08:00:00,32.33,32.38,32.16,32.2,58911
2025-04-15 08:15:00,32.2,32.23,32.1,32.15,41898
2025-04-15 08:30:00,32.15,32.195,32.1,32.175,26169
2025-04-15 08:45:00,32.175,32.3,32.175,32.28,21191
2025-04-15 09:00:00,32.275,32.455,32.275,32.385,41627
2025-04-15 09:15:00,32.385,32.46,32.375,32.4,19688
2025-04-15 09:30:00,32.4,32.605,32.38,32.405,49763
2025-04-15 09:45:00,32.405,32.415,32.305,32.315,32368
2025-04-15 10:00:00,32.325,32.405,32.285,32.4,24387
2025-04-15 10:15:00,32.405,32.405,32.265,32.315,39136
2025-04-15 10:30:00,32.325,32.4,32.305,32.38,16133
2025-04-15 10:45:00,32.37,32.39,32.27,32.27,27519
2025-04-15 11:00:00,32.285,32.355,32.19,32.215,25645
2025-04-15 11:15:00,32.22,32.22,32.115,32.13,45971
2025-04-15 11:30:00,32.14,32.355,32.12,32.23,41433
2025-04-15 11:45:00,32.225,32.3,32.2,32.28,23686
2025-04-15 12:00:00,32.28,32.4,32.27,32.305,25564
2025-04-15 12:15:00,32.31,32.325,32.195,32.295,32649
2025-04-15 12:30:00,32.28,32.48,32.275,32.45,30767
2025-04-15 12:45:00,32.44,32.53,32.365,32.415,44816
2025-04-15 13:00:00,32.415,32.535,32.41,32.485,33179
2025-04-15 13:15:00,32.485,32.52,32.26,32.28,57590
2025-04-15 13:30:00,32.28,32.425,32.28,32.395,21572
2025-04-15 13:45:00,32.39,32.415,32.32,32.405,12059
2025-04-15 14:00:00,32.405,32.6,32.405,32.585,42669
2025-04-15 14:15:00,32.585,32.635,32.475,32.48,53637
2025-04-15 14:30:00,32.48,32.52,32.38,32.47,28530
2025-04-15 14:45:00,32.47,32.55,32.45,32.515,17286
2025-04-15 15:00:00,32.515,32.575,32.43,32.47,20826
2025-04-15 15:15:00,32.475,32.56,32.355,32.375,38613
2025-04-15 15:30:00,32.365,32.425,32.355,32.39,8508
2025-04-15 15:45:00,32.375,32.375,32.375,32.375,816
2025-04-15 16:00:00,32.39,32.5,32.39,32.395,10814
2025-04-15 16:15:00,32.395,32.475,32.395,32.45,8094
2025-04-15 16:30:00,32.455,32.55,32.415,32.485,11132
2025-04-15 16:45:00,32.51,32.54,32.485,32.505,2856
2025-04-15 17:00:00,32.5,32.515,32.435,32.5,2747
2025-04-15 17:15:00,32.5,32.5,32.46,32.46,5260
2025-04-15 17:30:00,32.48,32.555,32.455,32.555,1153
2025-04-15 17:45:00,32.55,32.6,32.53,32.555,4517
2025-04-15 18:00:00,32.57,32.605,32.565,32.58,8923
2025-04-15 18:15:00,32.59,32.61,32.555,32.595,3742
2025-04-15 18:30:00,32.58,32.595,32.57,32.58,2212
2025-04-15 18:45:00,32.58,32.685,32.575,32.68,20197
2025-04-15 19:00:00,32.685,32.7,32.67,32.67,6154
2025-04-15 19:15:00,32.67,32.72,32.65,32.7,6811
2025-04-15 19:30:00,32.7,32.72,32.69,32.69,3536
2025-04-15 19:45:00,32.685,32.69,32.62,32.635,2428
2025-04-15 20:00:00,32.64,32.645,32.62,32.645,4210
2025-04-15 20:15:00,32.64,32.645,32.585,32.62,2241
2025-04-15 20:30:00,32.62,32.665,32.62,32.64,4826
2025-04-15 20:45:00,32.63,32.63,32.6,32.6,4315
2025-04-16 03:45:00,32.64,32.64,32.64,32.64,412
2025-04-16 04:00:00,32.64,32.64,32.465,32.56,13092
2025-04-16 04:15:00,32.545,32.545,32.505,32.525,2708
2025-04-16 04:30:00,32.515,32.58,32.515,32.57,2648
2025-04-16 04:45:00,32.545,32.57,32.52,32.55,1951
2025-04-16 05:00:00,32.55,32.55,32.525,32.525,1656
2025-04-16 05:15:00,32.53,32.54,32.405,32.415,5521
2025-04-16 05:30:00,32.415,32.415,32.3,32.4,19260
2025-04-16 05:45:00,32.4,32.4,32.32,32.36,8099
2025-04-16 06:00:00,32.36,32.385,32.33,32.37,21404
2025-04-16 06:15:00,32.375,32.375,32.33,32.33,6962
2025-04-16 06:30:00,32.335,32.35,32.265,32.265,18964
2025-04-16 06:45:00,32.265,32.35,32.26,32.295,11694
2025-04-16 07:00:00,32.28,32.31,32.14,32.18,65155
2025-04-16 07:15:00,32.19,32.365,32.145,32.165,45647
2025-04-16 07:30:00,32.185,32.3,32.125,32.22,80427
2025-04-16 07:45:00,32.235,32.26,32.16,32.185,7750
2025-04-16 08:00:00,32.195,32.225,32.1,32.1,29582
2025-04-16 08:15:00,32.105,32.485,32.015,32.27,96441
2025-04-16 08:30:00,32.265,32.445,32.215,32.41,83767
2025-04-16 08:45:00,32.41,32.45,32.305,32.335,25210
2025-04-16 09:00:00,32.345,32.405,32.295,32.38,17221
2025-04-16 09:15:00,32.385,32.565,32.38,32.54,50674
2025-04-16 09:30:00,32.545,32.59,32.395,32.415,52744
2025-04-16 09:45:00,32.415,32.52,32.37,32.375,21253
2025-04-16 10:00:00,32.38,32.645,32.38,32.63,35987
2025-04-16 10:15:00,32.63,32.675,32.61,32.635,26714
2025-04-16 10:30:00,32.625,32.645,32.49,32.55,38050
2025-04-16 10:45:00,32.555,32.65,32.55,32.635,15578
2025-04-16 11:00:00,32.635,32.65,32.51,32.555,24367
2025-04-16 11:15:00,32.555,32.63,32.52,32.61,13831
2025-04-16 11:30:00,32.615,32.745,32.61,32.745,54588
2025-04-16 11:45:00,32.75,32.8,32.745,32.755,27336
2025-04-16 12:00:00,32.755,32.785,32.705,32.73,11308
2025-04-16 12:15:00,32.73,32.79,32.685,32.79,12971
2025-04-16 12:30:00,32.755,32.785,32.675,32.685,10046
2025-04-16 12:45:00,32.67,32.795,32.655,32.795,12590
2025-04-16 13:00:00,32.79,32.8,32.755,32.78,14131
2025-04-16 13:15:00,32.765,32.94,32.765,32.935,41920
2025-04-16 13:30:00,32.935,33.05,32.935,33.0,45510
2025-04-16 13:45:00,33.0,33.08,32.97,33.08,37286
2025-04-16 14:00:00,33.08,33.085,32.97,33.01,29426
2025-04-16 14:15:00,33.01,33.08,33.01,33.065,22847
2025-04-16 14:30:00,33.06,33.2,33.05,33.2,76064
2025-04-16 14:45:00,33.2,33.29,33.04,33.095,75813
2025-04-16 15:00:00,33.095,33.165,33.05,33.065,26610
2025-04-16 15:15:00,33.065,33.08,33.005,33.05,32115
2025-04-16 15:30:00,33.04,33.165,33.015,33.115,48742
2025-04-16 15:45:00,33.155,33.155,33.155,33.155,8802
2025-04-16 16:00:00,33.155,33.155,32.825,32.865,95934
2025-04-16 16:15:00,32.88,32.98,32.86,32.93,23835
2025-04-16 16:30:00,32.93,32.93,32.775,32.865,17238
2025-04-16 16:45:00,32.845,32.89,32.835,32.86,13836
2025-04-16 17:00:00,32.855,32.93,32.845,32.89,12351
2025-04-16 17:15:00,32.875,32.875,32.81,32.85,10749
2025-04-16 17:30:00,32.87,32.87,32.725,32.725,26126
2025-04-16 17:45:00,32.725,32.74,32.63,32.655,12702
2025-04-16 18:00:00,32.66,32.8,32.66,32.79,7719
2025-04-16 18:15:00,32.78,32.795,32.7,32.76,4482
2025-04-16 18:30:00,32.76,32.81,32.75,32.79,8052
2025-04-16 18:45:00,32.79,32.875,32.79,32.87,10996
2025-04-16 19:00:00,32.87,32.88,32.795,32.845,17943
2025-04-16 19:15:00,32.84,32.855,32.815,32.855,2715
2025-04-16 19:30:00,32.835,32.845,32.78,32.785,5951
2025-04-16 19:45:00,32.8,32.815,32.78,32.785,2831
2025-04-16 20:00:00,32.785,32.865,32.785,32.84,5394
2025-04-16 20:15:00,32.85,32.865,32.825,32.83,3927
2025-04-16 20:30:00,32.825,32.885,32.79,32.885,10409
2025-04-16 20:45:00,32.885,32.885,32.73,32.76,11406
2025-04-17 03:45:00,32.765,32.765,32.765,32.765,6
2025-04-17 04:00:00,32.765,32.975,32.765,32.9,18079
2025-04-17 04:15:00,32.9,32.935,32.89,32.9,3482
2025-04-17 04:30:00,32.9,33.01,32.885,33.01,14353
2025-04-17 04:45:00,33.01,33.165,33.01,33.14,19809
2025-04-17 05:00:00,33.14,33.14,33.03,33.075,7659
2025-04-17 05:15:00,33.05,33.115,32.98,33.045,17933
2025-04-17 05:30:00,33.04,33.07,32.97,33.03,14382
2025-04-17 05:45:00,33.04,33.065,32.93,32.945,11269
2025-04-17 06:00:00,32.94,32.975,32.9,32.96,6252
2025-04-17 06:15:00,32.96,33.0,32.93,33.0,10299
2025-04-17 06:30:00,33.0,33.0,32.895,32.915,7997
2025-04-17 06:45:00,32.925,33.015,32.925,33.0,6689
2025-04-17 07:00:00,33.0,33.015,32.9,33.005,100007
2025-04-17 07:15:00,33.0,33.035,32.93,33.0,58272
2025-04-17 07:30:00,33.005,33.11,32.975,33.11,35209
2025-04-17 07:45:00,33.11,33.2,33.08,33.18,78638
2025-04-17 08:00:00,33.175,33.3,33.13,33.275,74597
2025-04-17 08:15:00,33.275,33.62,33.25,33.58,159346
2025-04-17 08:30:00,33.585,33.625,33.4,33.41,149056
2025-04-17 08:45:00,33.41,33.5,33.38,33.485,83071
2025-04-17 09:00:00,33.485,33.5,33.225,33.275,102466
2025-04-17 09:15:00,33.275,33.395,33.265,33.34,25977
2025-04-17 09:30:00,33.34,33.355,33.23,33.3,34300
2025-04-17 09:45:00,33.305,33.32,33.11,33.215,74678
2025-04-17 10:00:00,33.215,33.25,33.125,33.16,38194
